-- MySQL dump 10.13  Distrib 8.0.41, for Linux (x86_64)
--
-- Host: database-1.cb4o0sikaygu.ap-northeast-2.rds.amazonaws.com    Database: edadb
-- ------------------------------------------------------
-- Server version	8.0.40

/*!40101 SET @OLD_CHARACTER_SET_CLIENT=@@CHARACTER_SET_CLIENT */;
/*!40101 SET @OLD_CHARACTER_SET_RESULTS=@@CHARACTER_SET_RESULTS */;
/*!40101 SET @OLD_COLLATION_CONNECTION=@@COLLATION_CONNECTION */;
/*!50503 SET NAMES utf8mb4 */;
/*!40103 SET @OLD_TIME_ZONE=@@TIME_ZONE */;
/*!40103 SET TIME_ZONE='+00:00' */;
/*!40014 SET @OLD_UNIQUE_CHECKS=@@UNIQUE_CHECKS, UNIQUE_CHECKS=0 */;
/*!40014 SET @OLD_FOREIGN_KEY_CHECKS=@@FOREIGN_KEY_CHECKS, FOREIGN_KEY_CHECKS=0 */;
/*!40101 SET @OLD_SQL_MODE=@@SQL_MODE, SQL_MODE='NO_AUTO_VALUE_ON_ZERO' */;
/*!40111 SET @OLD_SQL_NOTES=@@SQL_NOTES, SQL_NOTES=0 */;
SET @MYSQLDUMP_TEMP_LOG_BIN = @@SESSION.SQL_LOG_BIN;
SET @@SESSION.SQL_LOG_BIN= 0;

--
-- GTID state at the beginning of the backup 
--

SET @@GLOBAL.GTID_PURGED=/*!80000 '+'*/ '';

--
-- Table structure for table `bicycle_population`
--

DROP TABLE IF EXISTS `bicycle_population`;
/*!40101 SET @saved_cs_client     = @@character_set_client */;
/*!50503 SET character_set_client = utf8mb4 */;
CREATE TABLE `bicycle_population` (
  `gu_id` int NOT NULL,
  `station_count` int DEFAULT NULL,
  `user_0` int DEFAULT NULL,
  `user_1` int DEFAULT NULL,
  `user_2` int DEFAULT NULL,
  `user_3` int DEFAULT NULL,
  `user_4` int DEFAULT NULL,
  `user_5` int DEFAULT NULL,
  `user_6` int DEFAULT NULL,
  `user_7` int DEFAULT NULL,
  `user_8` int DEFAULT NULL,
  `user_9` int DEFAULT NULL,
  `user_10` int DEFAULT NULL,
  `user_11` int DEFAULT NULL,
  `user_12` int DEFAULT NULL,
  `user_13` int DEFAULT NULL,
  `user_14` int DEFAULT NULL,
  `user_15` int DEFAULT NULL,
  `user_16` int DEFAULT NULL,
  `user_17` int DEFAULT NULL,
  `user_18` int DEFAULT NULL,
  `user_19` int DEFAULT NULL,
  `user_20` int DEFAULT NULL,
  `user_21` int DEFAULT NULL,
  `user_22` int DEFAULT NULL,
  `user_23` int DEFAULT NULL,
  PRIMARY KEY (`gu_id`),
  CONSTRAINT `bicycle_population_ibfk_1` FOREIGN KEY (`gu_id`) REFERENCES `gu_info` (`gu_id`)
) ENGINE=InnoDB DEFAULT CHARSET=utf8mb4 COLLATE=utf8mb4_0900_ai_ci;
/*!40101 SET character_set_client = @saved_cs_client */;

--
-- Dumping data for table `bicycle_population`
--

LOCK TABLES `bicycle_population` WRITE;
/*!40000 ALTER TABLE `bicycle_population` DISABLE KEYS */;
INSERT INTO `bicycle_population` VALUES (0,166,62,54,37,29,17,25,55,133,215,150,112,132,160,168,173,201,236,305,345,192,141,129,117,66),(1,112,88,58,40,28,22,57,103,234,296,175,167,176,206,225,223,247,295,316,365,261,213,204,187,112),(2,59,40,30,21,18,13,15,25,49,73,48,49,53,65,64,71,76,93,95,110,78,65,57,50,39),(3,187,169,109,74,54,54,118,355,779,1026,504,382,463,526,508,510,604,762,1015,1167,720,548,494,409,255),(4,70,62,53,38,26,21,24,45,92,148,103,84,88,101,107,109,124,138,145,163,130,112,107,99,68),(5,81,106,76,42,31,24,42,91,209,437,245,206,211,233,258,271,280,347,383,420,290,238,234,205,145),(6,111,75,44,32,21,20,38,83,244,334,163,125,135,163,171,185,221,262,323,407,233,177,155,131,89),(7,74,25,19,11,8,6,15,39,115,199,88,50,56,67,67,73,74,95,177,225,101,70,55,44,28),(8,141,127,84,59,45,31,60,125,301,356,246,239,273,310,331,351,406,476,492,496,371,300,283,263,153),(9,75,44,34,24,18,15,33,41,111,128,97,85,94,108,107,126,143,173,169,194,134,103,95,86,50),(10,80,70,47,34,25,20,29,71,182,260,151,144,133,159,167,168,185,229,261,272,182,153,149,128,87),(11,71,42,32,21,14,16,24,50,108,124,76,69,76,90,98,107,116,131,138,157,107,96,90,78,50),(12,117,94,62,43,28,21,30,68,157,288,206,169,211,249,268,290,322,358,412,509,316,239,218,191,115),(13,78,41,32,19,14,11,20,50,131,178,108,85,84,102,109,119,131,135,151,168,107,89,87,68,43),(14,140,48,32,22,16,10,21,53,124,179,134,101,120,146,149,167,189,219,283,305,177,129,115,91,55),(15,90,69,51,28,20,16,29,60,140,266,184,150,158,184,191,226,258,296,386,447,240,176,157,134,88),(16,80,54,40,28,19,15,24,47,111,166,101,96,92,107,116,123,124,156,159,183,128,105,101,92,64),(17,215,151,119,68,46,43,80,197,403,659,394,343,378,442,466,486,569,647,779,895,566,469,423,340,207),(18,108,113,67,41,26,24,43,131,419,393,238,202,223,276,293,300,364,466,478,531,337,265,265,281,142),(19,153,132,79,52,32,36,67,168,459,691,347,276,382,403,400,435,507,585,831,932,506,389,349,270,168),(20,87,37,27,21,13,13,16,31,74,113,82,68,85,100,104,124,155,177,195,211,120,95,86,68,45),(21,97,49,38,29,19,12,18,54,129,170,111,98,107,126,134,137,150,172,173,199,143,116,110,92,64),(22,100,54,45,31,21,23,30,62,166,287,164,143,184,191,190,204,215,250,311,347,176,136,130,112,70),(23,86,43,31,21,17,16,19,34,82,159,109,90,131,127,127,128,137,152,215,276,135,100,94,73,51),(24,94,70,48,33,25,17,33,54,145,188,109,99,105,131,131,140,171,197,206,225,180,148,137,129,88);
/*!40000 ALTER TABLE `bicycle_population` ENABLE KEYS */;
UNLOCK TABLES;

--
-- Table structure for table `bus_population`
--

DROP TABLE IF EXISTS `bus_population`;
/*!40101 SET @saved_cs_client     = @@character_set_client */;
/*!50503 SET character_set_client = utf8mb4 */;
CREATE TABLE `bus_population` (
  `gu_id` int NOT NULL,
  `station_count` int DEFAULT NULL,
  `night_bus` int DEFAULT NULL,
  `user_0` int DEFAULT NULL,
  `user_1` int DEFAULT NULL,
  `user_2` int DEFAULT NULL,
  `user_3` int DEFAULT NULL,
  `user_4` int DEFAULT NULL,
  `user_5` int DEFAULT NULL,
  `user_6` int DEFAULT NULL,
  `user_7` int DEFAULT NULL,
  `user_8` int DEFAULT NULL,
  `user_9` int DEFAULT NULL,
  `user_10` int DEFAULT NULL,
  `user_11` int DEFAULT NULL,
  `user_12` int DEFAULT NULL,
  `user_13` int DEFAULT NULL,
  `user_14` int DEFAULT NULL,
  `user_15` int DEFAULT NULL,
  `user_16` int DEFAULT NULL,
  `user_17` int DEFAULT NULL,
  `user_18` int DEFAULT NULL,
  `user_19` int DEFAULT NULL,
  `user_20` int DEFAULT NULL,
  `user_21` int DEFAULT NULL,
  `user_22` int DEFAULT NULL,
  `user_23` int DEFAULT NULL,
  KEY `gu_id` (`gu_id`),
  CONSTRAINT `bus_population_ibfk_1` FOREIGN KEY (`gu_id`) REFERENCES `gu_info` (`gu_id`)
) ENGINE=InnoDB DEFAULT CHARSET=utf8mb4 COLLATE=utf8mb4_0900_ai_ci;
/*!40101 SET character_set_client = @saved_cs_client */;

--
-- Dumping data for table `bus_population`
--

LOCK TABLES `bus_population` WRITE;
/*!40000 ALTER TABLE `bus_population` DISABLE KEYS */;
INSERT INTO `bus_population` VALUES (0,415,10,3941,1032,647,573,1608,6280,11669,29611,44219,34894,23413,21004,23352,25803,26111,30619,34694,39686,45434,33018,24064,23818,24062,10994),(1,263,3,1694,432,213,167,852,2507,5733,13725,14312,9768,7892,7748,8353,8940,8916,10672,13003,13183,14721,11975,8940,8470,7934,4153),(2,195,6,2458,724,285,281,2695,4494,6736,14658,19011,13799,12165,12307,13164,13639,14043,16026,17710,18194,19599,16046,12044,10451,9322,5447),(3,311,6,2311,549,393,301,1960,4007,7582,18281,24035,16133,12755,12547,13702,14370,14427,16884,19351,20159,23852,18635,14143,13165,12056,6178),(4,255,8,3261,745,568,508,2335,6950,10862,24896,31862,24370,19125,17393,19196,20060,19219,22092,25785,27890,32291,27064,20948,19477,18072,10883),(5,168,7,1860,611,464,365,1034,2776,4477,9559,13362,9362,7566,7326,7989,8751,8996,10132,11685,12521,14733,11903,9179,8614,7877,4518),(6,245,6,1959,289,246,255,2379,5009,7789,18360,22295,15718,12144,11497,12473,13023,13040,15415,17779,19572,22017,16977,12639,11861,10365,5878),(7,161,4,1189,184,101,110,1833,3628,5583,12819,17164,11358,8261,7860,8405,8741,8729,10079,11539,13709,16021,12752,8914,7994,6609,3578),(8,381,6,2215,518,238,216,1352,3662,7084,18956,20472,15053,12553,12673,13526,14414,14287,16852,19929,19882,20647,17234,13046,12238,12243,6172),(9,229,4,1733,517,196,225,1245,2754,5300,12428,14854,10389,8719,8654,9300,9510,9518,11138,12768,13181,14730,12554,9232,7959,7203,4173),(10,257,11,3051,749,402,347,1901,5837,9589,21319,29309,20375,17229,17291,18886,19889,20047,22323,25502,26899,29502,22383,16520,15019,13794,7922),(11,141,10,1881,469,277,234,891,3754,6169,14961,19925,13899,11846,11232,11917,12580,12609,13861,16245,18286,20994,16202,12478,12154,11672,6594),(12,249,14,2970,1132,730,619,1263,3538,6016,15264,23398,17628,13208,12773,14071,15435,15008,16790,19140,22480,26201,19239,14384,13774,12884,7424),(13,209,14,3312,711,388,295,2045,5171,8482,19364,26331,21129,17541,16925,18566,20058,20068,23231,26243,27721,29468,21940,16933,16664,15324,8845),(14,304,14,3816,1208,697,585,1371,5749,10011,23796,33010,24788,18177,17046,18675,20350,20366,23315,27129,30890,34945,24289,18093,17401,16821,9131),(15,187,7,1041,254,196,148,856,2796,3878,8091,11725,8525,6733,6472,7210,7768,7950,9040,10059,10974,12462,9743,7334,6667,6051,3365),(16,282,10,3622,785,388,293,2837,5504,8920,20790,28948,20686,18466,18417,18877,20073,20535,23513,27063,28238,29965,24021,18515,16972,16135,9324),(17,422,8,3591,939,496,354,1858,5179,10327,24135,31847,21514,16441,15868,17566,18763,18964,22655,26619,28680,32722,24892,19399,18651,17680,9339),(18,252,6,1963,285,200,146,1392,3620,7406,18361,19729,13867,11018,10739,11959,12725,12658,14751,18311,18170,20443,16679,12428,11515,11808,5591),(19,275,10,2047,453,374,316,1865,6014,8450,21468,33295,21223,15339,15303,16685,17786,18376,20738,23258,29189,34569,22793,18019,16711,14462,7369),(20,231,14,1850,573,362,341,832,3217,5895,13925,20750,16091,13471,12923,13776,14673,14923,17041,19513,21470,23789,17516,13625,12823,11219,5896),(21,323,8,2945,807,301,233,2057,4424,9541,23462,25984,18438,15498,15025,16073,16716,17093,20383,23834,23168,25412,21459,15874,14547,13407,7182),(22,187,21,3223,1389,873,744,2132,4933,6755,15431,24788,19494,17144,17805,18919,20553,21384,23418,25190,27773,28288,18733,14749,14307,12260,6808),(23,155,21,2242,1196,722,628,1405,4367,5544,11225,17972,14006,12272,13244,14059,14945,15493,16673,17453,19620,21208,14991,12215,11147,9518,5680),(24,357,8,2230,606,327,281,2053,3785,6984,17156,22574,13856,11938,11503,13140,13308,13381,15993,18184,18987,21459,18641,12881,11388,9797,5284);
/*!40000 ALTER TABLE `bus_population` ENABLE KEYS */;
UNLOCK TABLES;

--
-- Table structure for table `car_accident`
--

DROP TABLE IF EXISTS `car_accident`;
/*!40101 SET @saved_cs_client     = @@character_set_client */;
/*!50503 SET character_set_client = utf8mb4 */;
CREATE TABLE `car_accident` (
  `gu_id` int NOT NULL,
  `night_car_accident` float NOT NULL,
  KEY `gu_id` (`gu_id`),
  CONSTRAINT `car_accident_ibfk_1` FOREIGN KEY (`gu_id`) REFERENCES `gu_info` (`gu_id`)
) ENGINE=InnoDB DEFAULT CHARSET=utf8mb4 COLLATE=utf8mb4_0900_ai_ci;
/*!40101 SET character_set_client = @saved_cs_client */;

--
-- Dumping data for table `car_accident`
--

LOCK TABLES `car_accident` WRITE;
/*!40000 ALTER TABLE `car_accident` DISABLE KEYS */;
INSERT INTO `car_accident` VALUES (0,409),(1,91),(2,100),(3,141),(4,127),(5,74),(6,125),(7,88),(8,133),(9,54),(10,115),(11,128),(12,168),(13,75),(14,194),(15,85),(16,99),(17,234),(18,96),(19,208),(20,112),(21,108),(22,104),(23,83),(24,117);
/*!40000 ALTER TABLE `car_accident` ENABLE KEYS */;
UNLOCK TABLES;

--
-- Table structure for table `daily_score`
--

DROP TABLE IF EXISTS `daily_score`;
/*!40101 SET @saved_cs_client     = @@character_set_client */;
/*!50503 SET character_set_client = utf8mb4 */;
CREATE TABLE `daily_score` (
  `gu_id` int NOT NULL,
  `df_aged_population` float NOT NULL,
  `df_gu_disabled` float NOT NULL,
  `df_gu_car` float NOT NULL,
  `df_gu_bus_station` float NOT NULL,
  `df_sstation_count` float NOT NULL,
  `df_gu_emergency` float NOT NULL,
  `total_score` float NOT NULL,
  KEY `gu_id` (`gu_id`),
  CONSTRAINT `daily_score_ibfk_1` FOREIGN KEY (`gu_id`) REFERENCES `gu_info` (`gu_id`)
) ENGINE=InnoDB DEFAULT CHARSET=utf8mb4 COLLATE=utf8mb4_0900_ai_ci;
/*!40101 SET character_set_client = @saved_cs_client */;

--
-- Dumping data for table `daily_score`
--

LOCK TABLES `daily_score` WRITE;
/*!40000 ALTER TABLE `daily_score` DISABLE KEYS */;
INSERT INTO `daily_score` VALUES (0,1.34528,2.65514,1.94461,5.99233,7.36067,6.80748,26.11),(1,3.79264,5.30998,4.92677,7.89746,8.57241,8.44737,38.95),(2,10,9.76488,8.03761,6.8971,9.69189,7.05329,51.44),(3,3.83515,8.52613,5.02032,8.11099,9.40957,7.59011,42.49),(4,2.94254,4.50134,8.53336,8.46412,9.80345,7.87007,42.11),(5,1.84208,2.57241,7.41346,8.80917,8.62562,8.73619,38),(6,5.29356,5.69025,5.19548,7.67487,9.35804,9.06331,42.28),(7,4.80107,6.3584,4.42662,6.87485,10,9.30925,41.77),(8,5.21377,10,10,5.9575,8.80192,8.6362,48.61),(9,9.25399,7.20795,1,6.1378,9.71953,9.64863,42.97),(10,4.59839,4.17934,7.02518,6.40109,8.66389,6.72915,37.6),(11,3.98721,3.46197,7.44022,10,8.65249,8.94472,42.49),(12,1,3.04777,5.95726,6.91618,7.64844,9.85807,34.43),(13,4.03359,3.7382,7.07768,7.03742,9.10562,8.53525,39.53),(14,1.56569,1,2.90397,6.1602,8.737,9.94649,30.31),(15,3.18263,3.40439,4.73789,6.98802,6.83537,8.24434,33.39),(16,4.29005,3.82362,7.29936,7.12174,9.17096,10,41.71),(17,2.20148,2.56404,4.68374,7.16483,7.98764,9.72303,34.32),(18,3.18821,4.02489,5.40936,7.83558,9.63407,8.316,38.41),(19,2.73338,2.78054,4.86277,6.63437,8.81128,2.46714,28.29),(20,3.33153,1.91085,5.98965,3.30607,6.86941,9.21458,30.62),(21,6.06096,7.38707,7.06843,6.68888,8.59867,7.69939,43.5),(22,5.15296,4.04633,5.65242,1,5.16756,1,22.02),(23,5.7714,4.16499,3.98194,1.68259,1,5.2256,21.83),(24,6.57113,7.86019,6.65501,4.28445,8.12137,7.97801,41.47);
/*!40000 ALTER TABLE `daily_score` ENABLE KEYS */;
UNLOCK TABLES;

--
-- Table structure for table `gu_car_count`
--

DROP TABLE IF EXISTS `gu_car_count`;
/*!40101 SET @saved_cs_client     = @@character_set_client */;
/*!50503 SET character_set_client = utf8mb4 */;
CREATE TABLE `gu_car_count` (
  `gu_id` int NOT NULL,
  `car_count` int DEFAULT NULL,
  KEY `gu_id` (`gu_id`),
  CONSTRAINT `gu_car_count_ibfk_1` FOREIGN KEY (`gu_id`) REFERENCES `gu_info` (`gu_id`)
) ENGINE=InnoDB DEFAULT CHARSET=utf8mb4 COLLATE=utf8mb4_0900_ai_ci;
/*!40101 SET character_set_client = @saved_cs_client */;

--
-- Dumping data for table `gu_car_count`
--

LOCK TABLES `gu_car_count` WRITE;
/*!40000 ALTER TABLE `gu_car_count` DISABLE KEYS */;
INSERT INTO `gu_car_count` VALUES (0,254051),(1,166203),(2,73634),(3,202214),(4,116612),(5,95829),(6,145248),(7,90653),(8,92329),(9,152978),(10,103025),(11,105984),(12,121233),(13,91209),(14,176598),(15,104009),(16,121292),(17,242304),(18,150252),(19,143579),(20,73135),(21,134098),(22,50202),(23,51576),(24,115877);
/*!40000 ALTER TABLE `gu_car_count` ENABLE KEYS */;
UNLOCK TABLES;

--
-- Table structure for table `gu_disabled_population`
--

DROP TABLE IF EXISTS `gu_disabled_population`;
/*!40101 SET @saved_cs_client     = @@character_set_client */;
/*!50503 SET character_set_client = utf8mb4 */;
CREATE TABLE `gu_disabled_population` (
  `gu_id` int NOT NULL,
  `disabled_population` int DEFAULT NULL,
  KEY `gu_id` (`gu_id`),
  CONSTRAINT `gu_disabled_population_ibfk_1` FOREIGN KEY (`gu_id`) REFERENCES `gu_info` (`gu_id`)
) ENGINE=InnoDB DEFAULT CHARSET=utf8mb4 COLLATE=utf8mb4_0900_ai_ci;
/*!40101 SET character_set_client = @saved_cs_client */;

--
-- Dumping data for table `gu_disabled_population`
--

LOCK TABLES `gu_disabled_population` WRITE;
/*!40000 ALTER TABLE `gu_disabled_population` DISABLE KEYS */;
INSERT INTO `gu_disabled_population` VALUES (0,5121),(1,5545),(2,4815),(3,8642),(4,5555),(5,3239),(6,5133),(7,3139),(8,8384),(9,4293),(10,3899),(11,3942),(12,3639),(13,3332),(14,3151),(15,2864),(16,4591),(17,6082),(18,4691),(19,3752),(20,1944),(21,6616),(22,1610),(23,1426),(24,5628);
/*!40000 ALTER TABLE `gu_disabled_population` ENABLE KEYS */;
UNLOCK TABLES;

--
-- Table structure for table `gu_emergency_room`
--

DROP TABLE IF EXISTS `gu_emergency_room`;
/*!40101 SET @saved_cs_client     = @@character_set_client */;
/*!50503 SET character_set_client = utf8mb4 */;
CREATE TABLE `gu_emergency_room` (
  `gu_id` int NOT NULL,
  `room_count` int DEFAULT NULL,
  KEY `gu_id` (`gu_id`),
  CONSTRAINT `gu_emergency_room_ibfk_1` FOREIGN KEY (`gu_id`) REFERENCES `gu_info` (`gu_id`)
) ENGINE=InnoDB DEFAULT CHARSET=utf8mb4 COLLATE=utf8mb4_0900_ai_ci;
/*!40101 SET character_set_client = @saved_cs_client */;

--
-- Dumping data for table `gu_emergency_room`
--

LOCK TABLES `gu_emergency_room` WRITE;
/*!40000 ALTER TABLE `gu_emergency_room` DISABLE KEYS */;
INSERT INTO `gu_emergency_room` VALUES (0,6),(1,3),(2,3),(3,5),(4,4),(5,2),(6,2),(7,1),(8,3),(9,1),(10,4),(11,2),(12,1),(13,2),(14,1),(15,2),(16,1),(17,2),(18,3),(19,9),(20,1),(21,4),(22,4),(23,2),(24,3);
/*!40000 ALTER TABLE `gu_emergency_room` ENABLE KEYS */;
UNLOCK TABLES;

--
-- Table structure for table `gu_info`
--

DROP TABLE IF EXISTS `gu_info`;
/*!40101 SET @saved_cs_client     = @@character_set_client */;
/*!50503 SET character_set_client = utf8mb4 */;
CREATE TABLE `gu_info` (
  `gu_id` int NOT NULL,
  `gu_name` varchar(8) NOT NULL,
  PRIMARY KEY (`gu_id`)
) ENGINE=InnoDB DEFAULT CHARSET=utf8mb4 COLLATE=utf8mb4_0900_ai_ci;
/*!40101 SET character_set_client = @saved_cs_client */;

--
-- Dumping data for table `gu_info`
--

LOCK TABLES `gu_info` WRITE;
/*!40000 ALTER TABLE `gu_info` DISABLE KEYS */;
INSERT INTO `gu_info` VALUES (0,'강남구'),(1,'강동구'),(2,'강북구'),(3,'강서구'),(4,'관악구'),(5,'광진구'),(6,'구로구'),(7,'금천구'),(8,'노원구'),(9,'도봉구'),(10,'동대문구'),(11,'동작구'),(12,'마포구'),(13,'서대문구'),(14,'서초구'),(15,'성동구'),(16,'성북구'),(17,'송파구'),(18,'양천구'),(19,'영등포구'),(20,'용산구'),(21,'은평구'),(22,'종로구'),(23,'중구'),(24,'중랑구');
/*!40000 ALTER TABLE `gu_info` ENABLE KEYS */;
UNLOCK TABLES;

--
-- Table structure for table `gu_population`
--

DROP TABLE IF EXISTS `gu_population`;
/*!40101 SET @saved_cs_client     = @@character_set_client */;
/*!50503 SET character_set_client = utf8mb4 */;
CREATE TABLE `gu_population` (
  `gu_id` int NOT NULL,
  `population` int DEFAULT NULL,
  `aged_population` int DEFAULT NULL,
  KEY `gu_id` (`gu_id`),
  CONSTRAINT `gu_population_ibfk_1` FOREIGN KEY (`gu_id`) REFERENCES `gu_info` (`gu_id`)
) ENGINE=InnoDB DEFAULT CHARSET=utf8mb4 COLLATE=utf8mb4_0900_ai_ci;
/*!40101 SET character_set_client = @saved_cs_client */;

--
-- Dumping data for table `gu_population`
--

LOCK TABLES `gu_population` WRITE;
/*!40000 ALTER TABLE `gu_population` DISABLE KEYS */;
INSERT INTO `gu_population` VALUES (0,550282,86606),(1,463318,82984),(2,292977,68617),(3,568826,102096),(4,497883,85418),(5,351180,56819),(6,415651,79984),(7,241105,45342),(8,502925,96422),(9,309494,70436),(10,359873,67030),(11,389714,70474),(12,375162,57895),(13,320629,58113),(14,412078,65661),(15,284766,49462),(16,438168,80414),(17,660025,108894),(18,439252,76317),(19,397800,67509),(20,227106,39747),(21,470869,93817),(22,150453,28764),(23,131793,25920),(24,387470,78955);
/*!40000 ALTER TABLE `gu_population` ENABLE KEYS */;
UNLOCK TABLES;

--
-- Table structure for table `gu_subway_count`
--

DROP TABLE IF EXISTS `gu_subway_count`;
/*!40101 SET @saved_cs_client     = @@character_set_client */;
/*!50503 SET character_set_client = utf8mb4 */;
CREATE TABLE `gu_subway_count` (
  `gu_id` int NOT NULL,
  `station_count` int DEFAULT NULL,
  `line_info` varchar(32) DEFAULT NULL,
  `line_count` int DEFAULT NULL,
  KEY `gu_id` (`gu_id`),
  CONSTRAINT `gu_subway_count_ibfk_1` FOREIGN KEY (`gu_id`) REFERENCES `gu_info` (`gu_id`)
) ENGINE=InnoDB DEFAULT CHARSET=utf8mb4 COLLATE=utf8mb4_0900_ai_ci;
/*!40101 SET character_set_client = @saved_cs_client */;

--
-- Dumping data for table `gu_subway_count`
--

LOCK TABLES `gu_subway_count` WRITE;
/*!40000 ALTER TABLE `gu_subway_count` DISABLE KEYS */;
INSERT INTO `gu_subway_count` VALUES (0,31,'2, 3, 7, 9, 수인분당',5),(1,15,'5, 8, 9',3),(2,3,'4',1),(3,9,'5',1),(4,4,'2',1),(5,11,'2, 5, 7',3),(6,7,'2, 7',2),(7,1,'7',1),(8,14,'4, 6, 7, 경춘',4),(9,3,'4, 7',2),(10,11,'1, 2, 5, 경의중앙, 수인분당, 경춘',6),(11,12,'2, 4, 7',3),(12,19,'2, 5, 6, 경의중앙',4),(13,7,'2, 3, 5, 경의중앙',4),(14,12,'2, 3, 4, 7',4),(15,19,'2, 3, 5, 경의중앙, 수인분당',5),(16,9,'4, 6',2),(17,29,'2, 3, 5, 8, 9, 수인분당',6),(18,5,'2, 5',2),(19,11,'2, 5, 7',3),(20,15,'4, 6, 경의중앙',3),(21,15,'3, 6, 경의중앙',3),(22,15,'1, 3, 4, 5, 6',5),(23,24,'1, 2, 3, 4, 5, 6, 경의중앙',7),(24,16,'6, 7, 경의중앙, 경춘',4);
/*!40000 ALTER TABLE `gu_subway_count` ENABLE KEYS */;
UNLOCK TABLES;

--
-- Table structure for table `living_population`
--

DROP TABLE IF EXISTS `living_population`;
/*!40101 SET @saved_cs_client     = @@character_set_client */;
/*!50503 SET character_set_client = utf8mb4 */;
CREATE TABLE `living_population` (
  `gu_id` int NOT NULL,
  `hour` int DEFAULT NULL,
  `population` float DEFAULT NULL,
  `older_population` float DEFAULT NULL,
  KEY `gu_id` (`gu_id`),
  CONSTRAINT `living_population_ibfk_1` FOREIGN KEY (`gu_id`) REFERENCES `gu_info` (`gu_id`)
) ENGINE=InnoDB DEFAULT CHARSET=utf8mb4 COLLATE=utf8mb4_0900_ai_ci;
/*!40101 SET character_set_client = @saved_cs_client */;

--
-- Dumping data for table `living_population`
--

LOCK TABLES `living_population` WRITE;
/*!40000 ALTER TABLE `living_population` DISABLE KEYS */;
INSERT INTO `living_population` VALUES (0,0,81033,6570),(0,2,80098,6793),(0,3,79488,6826),(0,4,80389,7310),(0,5,85896,8263),(0,6,98628,9362),(0,7,142583,11163),(0,8,189101,14244),(0,9,217841,18010),(0,10,233783,20673),(0,11,242658,22043),(0,12,248948,22664),(0,13,254201,23240),(0,14,256223,23354),(0,15,252633,22259),(0,1,80933,6819),(0,18,229336,18027),(0,23,85656,6469),(0,16,248644,20856),(0,17,243069,19441),(0,21,181123,14286),(0,22,158042,13525),(0,19,213620,16744),(0,20,199123,15376),(1,6,133192,18710),(1,5,121265,17297),(1,15,241291,30240),(1,4,114924,15890),(1,3,113233,15285),(1,22,174921,23099),(1,2,112751,15123),(1,21,188281,23717),(1,20,199670,24774),(1,8,201701,23889),(1,19,210774,25899),(1,9,220616,27030),(1,10,229371,29002),(1,18,222503,26686),(1,12,236797,29498),(1,1,113371,15221),(1,17,231965,27653),(1,13,241215,30448),(1,14,242603,30749),(1,16,237200,29207),(1,7,165563,20748),(1,11,233614,29390),(1,23,115883,14922),(1,0,113322,15022),(2,10,143921,23845),(2,23,102131,18004),(2,8,133149,21727),(2,18,140747,22540),(2,13,148870,24770),(2,1,100092,18114),(2,3,99836,18181),(2,9,140278,22997),(2,7,119463,20259),(2,21,125576,21276),(2,11,145713,24034),(2,14,149889,24858),(2,2,100018,18219),(2,19,135092,22143),(2,6,107593,19277),(2,4,101018,18608),(2,17,145364,23072),(2,15,148949,24435),(2,5,103493,18932),(2,0,100516,18164),(2,22,120527,21032),(2,16,147477,23721),(2,12,147134,24448),(2,20,130299,21651),(3,9,206268,23725),(3,16,220743,24360),(3,8,188824,21118),(3,20,174798,19905),(3,1,89449,11933),(3,6,125292,17705),(3,21,163117,19070),(3,5,117129,17042),(3,22,150141,18501),(3,3,111398,15818),(3,7,152394,19204),(3,19,186882,20992),(3,4,113140,16357),(3,10,215554,25135),(3,13,226825,26582),(3,17,215013,22965),(3,2,112081,15813),(3,14,227338,26501),(3,12,223572,25834),(3,18,201079,22091),(3,15,223739,25460),(3,11,219996,25754),(3,0,71820,8458),(3,23,73959,8295),(4,17,222489,17808),(4,14,235728,21771),(4,21,157945,13792),(4,15,234255,20962),(4,16,229275,19491),(4,5,71951,8083),(4,19,187792,15507),(4,0,63947,5705),(4,7,121526,11530),(4,20,173470,14534),(4,12,227560,20816),(4,8,170785,14436),(4,18,205834,16630),(4,11,221624,20305),(4,10,214009,19304),(4,4,65268,6639),(4,9,199633,17303),(4,6,84781,9326),(4,13,233074,21587),(4,1,62692,5808),(4,2,62933,5899),(4,22,140610,13131),(4,23,68376,5825),(4,3,62982,5904),(5,7,88924,8470),(5,19,128240,10755),(5,11,152524,14136),(5,3,50722,5008),(5,10,147741,13636),(5,1,51293,4894),(5,23,54909,4838),(5,12,155586,14243),(5,6,65678,7133),(5,8,120994,10368),(5,21,108568,9521),(5,4,51740,5335),(5,20,119075,10238),(5,9,138892,12505),(5,0,52123,4880),(5,14,160144,14601),(5,18,138741,11380),(5,13,159054,14667),(5,16,155542,13115),(5,22,96697,9263),(5,15,158371,14037),(5,5,56740,6245),(5,2,50662,4959),(5,17,150122,12236),(6,20,121691,13241),(6,12,156995,17572),(6,1,55861,6411),(6,7,107973,12752),(6,0,56415,6376),(6,16,155367,16295),(6,15,157830,17043),(6,8,132386,14192),(6,14,159710,17898),(6,9,145389,15998),(6,23,57755,6261),(6,17,150004,15166),(6,19,129785,13962),(6,10,151758,16969),(6,13,158788,17730),(6,11,154648,17377),(6,18,139263,14575),(6,2,70830,9506),(6,3,73166,10028),(6,6,85727,11392),(6,4,75044,10244),(6,5,78906,10885),(6,21,113417,12835),(6,22,104588,12647),(7,20,66210,6606),(7,7,51354,5036),(7,16,82849,7940),(7,5,35044,4113),(7,13,83344,8192),(7,10,78185,7784),(7,3,31205,3562),(7,21,62114,6410),(7,8,66274,6181),(7,19,70223,6772),(7,0,30310,3333),(7,1,30029,3350),(7,12,81762,7869),(7,23,31020,3330),(7,2,30961,3498),(7,9,74335,7241),(7,14,83904,8364),(7,18,75679,7080),(7,15,83866,8197),(7,17,80714,7410),(7,11,80186,7901),(7,22,57650,6318),(7,4,32683,3755),(7,6,39264,4480),(8,7,113609,12358),(8,4,52373,6850),(8,23,54016,5968),(8,5,58840,8100),(8,8,153059,16368),(8,22,118401,15154),(8,1,49926,5968),(8,12,193739,23445),(8,21,133860,16061),(8,10,183481,22326),(8,13,198560,24667),(8,9,172549,19737),(8,19,159164,18393),(8,20,146873,17081),(8,3,50230,6247),(8,17,186287,21072),(8,14,200513,25070),(8,2,49532,5998),(8,0,50719,5858),(8,18,173188,19721),(8,16,192565,22737),(8,15,198245,24347),(8,11,189483,22875),(8,6,73754,9674),(9,0,36175,5241),(9,20,90556,13208),(9,5,41749,6718),(9,13,114339,17211),(9,3,35754,5306),(9,9,100254,14411),(9,17,108805,15438),(9,14,115726,17714),(9,1,35967,5322),(9,12,111799,16757),(9,7,68888,9432),(9,16,112307,16464),(9,11,109473,16310),(9,23,37093,5109),(9,10,105990,15789),(9,19,96510,13844),(9,18,103350,14617),(9,15,114472,17211),(9,8,89643,12018),(9,2,35765,5285),(9,4,37531,5748),(9,21,84544,12717),(9,6,49681,7664),(9,22,78017,12212),(10,12,139221,14957),(10,3,47114,5472),(10,15,142850,15614),(10,11,136173,14763),(10,19,117353,11985),(10,17,135668,13598),(10,23,51212,5240),(10,10,132198,14423),(10,9,124296,13101),(10,21,102163,10934),(10,5,53167,6628),(10,16,140394,14586),(10,4,48510,5879),(10,14,144765,16094),(10,6,61499,7488),(10,2,47077,5368),(10,1,47035,5263),(10,7,82976,8969),(10,8,109674,10956),(10,13,143172,15785),(10,18,126257,12732),(10,0,48379,5169),(10,22,92359,10532),(10,20,109663,11336),(11,22,111860,12848),(11,18,154497,15613),(11,6,85757,11213),(11,17,165281,16539),(11,7,108661,12543),(11,11,167737,18697),(11,13,173200,19231),(11,20,134231,14001),(11,14,174871,19462),(11,12,170334,18837),(11,3,73661,9453),(11,2,74452,9466),(11,9,154392,16799),(11,15,173350,18749),(11,23,55281,5888),(11,19,143861,14679),(11,4,75295,9786),(11,21,123525,13313),(11,16,170477,17500),(11,8,137453,14445),(11,10,163326,18221),(11,1,56195,6488),(11,5,78879,10491),(11,0,53755,5928),(12,13,163321,14029),(12,0,50424,4244),(12,17,154868,12151),(12,18,144384,11425),(12,12,159515,13487),(12,23,52509,4134),(12,2,49604,4398),(12,5,55036,5683),(12,1,50040,4321),(12,14,164970,14045),(12,3,49742,4499),(12,16,160118,12988),(12,4,50952,4818),(12,20,125786,10446),(12,15,163603,13715),(12,8,122434,9351),(12,22,104205,9537),(12,7,89353,7719),(12,10,150726,12925),(12,9,140813,11583),(12,21,115344,9764),(12,11,155664,13286),(12,6,64023,6351),(12,19,134328,10867),(13,17,145085,14344),(13,20,122851,12538),(13,13,150992,15765),(13,0,59201,5778),(13,7,93829,9554),(13,8,117733,11347),(13,22,106212,11717),(13,9,131710,13239),(13,2,58946,5957),(13,4,61066,6562),(13,6,72992,8341),(13,16,149069,15074),(13,21,115132,12080),(13,15,150982,15677),(13,12,148534,15363),(13,11,145026,15052),(13,23,60874,6003),(13,5,65410,7419),(13,19,130054,13077),(13,10,139966,14581),(13,18,138066,13635),(13,1,58736,5814),(13,3,59158,6009),(13,14,152589,15951),(14,0,48938,4371),(14,3,48360,4600),(14,9,151710,13094),(14,7,95165,7951),(14,23,52193,4416),(14,2,48243,4580),(14,10,163264,15169),(14,6,62463,6642),(14,17,165929,13621),(14,22,100954,9573),(14,20,131265,10997),(14,12,173293,16643),(14,1,48341,4473),(14,21,118760,10173),(14,11,169544,16193),(14,15,176230,16315),(14,13,176994,17098),(14,14,178571,17034),(14,18,154678,12740),(14,8,130272,10178),(14,19,142419,11789),(14,5,53073,5741),(14,16,171923,15159),(14,4,49085,4926),(15,15,139407,13858),(15,17,131881,12146),(15,2,41866,4353),(15,16,136835,12995),(15,4,43103,4702),(15,19,113564,10848),(15,10,128306,12629),(15,20,106076,10145),(15,9,120318,11460),(15,3,41925,4435),(15,0,41891,4106),(15,11,132662,13117),(15,6,54886,6228),(15,8,104661,9448),(15,1,42131,4272),(15,12,136108,13589),(15,18,122674,11255),(15,5,46786,5530),(15,14,140559,14386),(15,7,76469,7652),(15,22,87675,9387),(15,21,97043,9551),(15,23,43556,4120),(15,13,139692,14112),(16,7,111982,12820),(16,1,64507,7979),(16,20,140443,15328),(16,16,181412,20182),(16,9,165247,18453),(16,0,65578,7989),(16,21,129244,14649),(16,8,147211,15550),(16,6,82024,10827),(16,22,115978,13915),(16,10,175005,20213),(16,2,63993,8087),(16,3,64275,8220),(16,4,66022,8797),(16,14,189862,22074),(16,19,151044,16132),(16,15,186051,21313),(16,11,180855,20762),(16,23,68876,8050),(16,5,71355,9738),(16,17,175565,18812),(16,12,184528,20954),(16,18,163866,17165),(16,13,188771,21919),(17,17,259042,26514),(17,19,222018,23050),(17,16,267708,28266),(17,22,164579,19070),(17,21,186810,19930),(17,20,204433,21382),(17,18,240144,24551),(17,12,269400,29525),(17,13,274607,30610),(17,14,277507,30910),(17,5,85334,11246),(17,23,79859,8295),(17,4,77817,9687),(17,10,256043,27983),(17,6,103257,13195),(17,2,75576,8866),(17,9,240211,24954),(17,15,272871,29840),(17,7,151033,16128),(17,8,208741,20355),(17,3,75637,9049),(17,1,75697,8818),(17,0,76653,8612),(17,11,264132,29045),(18,4,86680,12188),(18,12,155522,18260),(18,18,143202,15901),(18,22,108882,13650),(18,1,73473,9517),(18,11,153669,18273),(18,13,158086,19095),(18,6,94297,12998),(18,19,134468,15258),(18,10,150485,17911),(18,7,113915,13847),(18,9,144672,16660),(18,16,153708,17730),(18,8,134397,15224),(18,5,88957,12521),(18,21,119078,13971),(18,20,126618,14455),(18,3,86197,11876),(18,17,150438,16855),(18,14,158735,19275),(18,0,55779,6590),(18,23,56727,6507),(18,2,86752,11918),(18,15,156349,18543),(19,5,103191,12178),(19,1,84654,9145),(19,13,187515,17548),(19,2,97528,11363),(19,6,108481,12455),(19,0,63998,6595),(19,19,155849,14062),(19,9,171803,15570),(19,15,186506,17147),(19,7,127491,13143),(19,23,65224,6264),(19,20,147596,13729),(19,16,184427,16408),(19,10,178741,16292),(19,11,181988,16494),(19,21,137708,13400),(19,17,178213,15402),(19,12,184145,16860),(19,4,100882,11865),(19,8,156456,14333),(19,22,126909,13149),(19,14,188438,17668),(19,3,99082,11606),(19,18,166437,14648),(20,0,29785,2775),(20,8,73097,5651),(20,18,86292,6831),(20,2,29510,2844),(20,16,96841,7888),(20,10,91130,7718),(20,21,67116,5862),(20,4,30346,3091),(20,20,74004,6137),(20,13,99398,8672),(20,7,53150,4560),(20,14,100308,8689),(20,3,29434,2843),(20,9,84493,6823),(20,6,37656,3859),(20,17,93481,7397),(20,1,29614,2829),(20,22,60376,5696),(20,5,32444,3434),(20,19,79751,6560),(20,12,97400,8456),(20,15,99165,8407),(20,23,31179,2715),(20,11,94708,8037),(21,8,144911,15171),(21,1,46639,5783),(21,21,126787,15342),(21,23,51164,5834),(21,22,114045,14841),(21,7,105609,11863),(21,4,50546,6989),(21,2,46311,5826),(21,3,47499,6101),(21,6,71185,9777),(21,5,56811,8184),(21,16,184962,21232),(21,20,138563,16228),(21,13,190981,23085),(21,11,182497,21528),(21,9,165359,18400),(21,0,47729,5770),(21,12,186735,22235),(21,17,177701,19633),(21,14,193134,23377),(21,19,150469,17220),(21,15,190038,22753),(21,10,176310,20471),(21,18,164991,18370),(22,12,70619,7495),(22,1,21127,2134),(22,5,24186,2872),(22,22,44982,5270),(22,19,59478,5964),(22,4,21932,2436),(22,18,63603,6319),(22,14,72794,7697),(22,23,22958,2331),(22,3,21255,2218),(22,15,71975,7582),(22,17,68198,6676),(22,16,70851,7117),(22,2,20988,2155),(22,13,72197,7782),(22,6,28680,3205),(22,0,21442,2211),(22,8,53165,4936),(22,10,66262,6893),(22,9,61865,6178),(22,11,69045,7340),(22,21,50607,5376),(22,7,39661,3950),(22,20,55391,5674),(23,18,60314,5571),(23,6,32688,3597),(23,21,48380,4986),(23,14,66081,6586),(23,23,26484,2803),(23,20,52063,5151),(23,15,65941,6474),(23,8,50446,4718),(23,17,63411,5818),(23,9,56873,5446),(23,16,65004,6129),(23,2,24409,2760),(23,0,24773,2757),(23,3,24620,2792),(23,4,26395,2982),(23,5,29577,3280),(23,19,55853,5365),(23,1,24451,2725),(23,22,44493,4774),(23,12,64019,6229),(23,11,62530,6132),(23,10,60365,5951),(23,13,65816,6516),(23,7,39789,4023),(24,8,120687,14315),(24,17,145786,17393),(24,6,64819,9427),(24,2,47145,6396),(24,16,150500,18449),(24,11,148273,18979),(24,10,144258,18557),(24,15,154108,19644),(24,7,88811,11358),(24,20,116867,14455),(24,13,154996,20190),(24,22,98544,13235),(24,23,50062,6427),(24,9,136467,16927),(24,3,47396,6522),(24,0,47747,6286),(24,14,155769,20515),(24,1,46961,6220),(24,12,152220,19614),(24,21,108103,13777),(24,18,135869,16318),(24,4,49557,7143),(24,5,55440,8281),(24,19,125280,15279);
/*!40000 ALTER TABLE `living_population` ENABLE KEYS */;
UNLOCK TABLES;

--
-- Table structure for table `moving_population`
--

DROP TABLE IF EXISTS `moving_population`;
/*!40101 SET @saved_cs_client     = @@character_set_client */;
/*!50503 SET character_set_client = utf8mb4 */;
CREATE TABLE `moving_population` (
  `gu_id` int NOT NULL,
  `user_0` int DEFAULT NULL,
  `user_1` int DEFAULT NULL,
  `user_2` int DEFAULT NULL,
  `user_3` int DEFAULT NULL,
  `user_4` int DEFAULT NULL,
  `user_5` int DEFAULT NULL,
  `user_6` int DEFAULT NULL,
  `user_7` int DEFAULT NULL,
  `user_8` int DEFAULT NULL,
  `user_9` int DEFAULT NULL,
  `user_10` int DEFAULT NULL,
  `user_11` int DEFAULT NULL,
  `user_12` int DEFAULT NULL,
  `user_13` int DEFAULT NULL,
  `user_14` int DEFAULT NULL,
  `user_15` int DEFAULT NULL,
  `user_16` int DEFAULT NULL,
  `user_17` int DEFAULT NULL,
  `user_18` int DEFAULT NULL,
  `user_19` int DEFAULT NULL,
  `user_20` int DEFAULT NULL,
  `user_21` int DEFAULT NULL,
  `user_22` int DEFAULT NULL,
  `user_23` int DEFAULT NULL,
  PRIMARY KEY (`gu_id`),
  CONSTRAINT `moving_population_ibfk_1` FOREIGN KEY (`gu_id`) REFERENCES `gu_info` (`gu_id`)
) ENGINE=InnoDB DEFAULT CHARSET=utf8mb4 COLLATE=utf8mb4_0900_ai_ci;
/*!40101 SET character_set_client = @saved_cs_client */;

--
-- Dumping data for table `moving_population`
--

LOCK TABLES `moving_population` WRITE;
/*!40000 ALTER TABLE `moving_population` DISABLE KEYS */;
INSERT INTO `moving_population` VALUES (0,5268,10753,8406,7223,8740,12089,19633,42621,50634,43018,39581,56826,67659,62955,51998,56162,57021,65164,68985,51232,44655,36704,26715,5430),(1,3295,6961,5155,4818,6797,9678,15783,28549,33583,22404,20094,22009,24776,25600,25955,30391,30421,30471,30087,26029,26276,20873,14491,3236),(2,1988,3919,2812,2258,2870,4349,7153,10832,16406,11424,10511,11861,12716,13236,12122,14601,13746,14156,13921,12824,11461,10084,7057,1877),(3,3300,6973,5046,4868,6597,9755,15856,30730,39687,26930,24214,28732,31569,31541,29905,32377,33301,37323,38229,29610,26640,22685,16261,3785),(4,2889,5809,4608,3832,4984,5988,8966,17498,26117,19355,17994,18602,21022,21271,19478,21164,22550,24490,25412,20775,20205,17864,12993,2910),(5,2754,5798,4087,3500,4326,5913,9471,17158,23630,17171,17271,20945,23129,23404,23271,21813,23070,24474,24042,20614,19358,16401,11810,2679),(6,2349,4678,3057,2972,4529,5686,9018,16947,22335,15210,13733,15387,17906,17753,16583,19132,18273,19268,21157,16620,14871,12959,9334,2531),(7,1605,2791,2282,2166,3012,4134,5737,11660,16057,10369,8352,10570,12345,10877,9803,10417,11535,13347,15619,11915,10065,8337,5883,1471),(8,4052,8234,5588,4086,5188,7859,15812,27932,33829,24499,22990,26435,28321,30220,29839,32828,34488,33821,31036,26207,23440,22051,16399,3670),(9,2206,3201,2430,2008,2806,4134,6944,11693,16166,11085,10555,11347,12636,13199,12671,13471,14688,13598,13099,11520,10164,9174,6492,1628),(10,3145,6092,4271,3472,4184,6881,11291,17807,25819,18451,18182,21432,23957,23061,24383,20693,23732,26231,24597,20456,17948,16122,11753,2886),(11,2138,4148,3065,2915,3690,5087,7483,13854,18998,12817,13936,15218,16503,17038,17380,15889,16909,18386,16381,14348,13239,11970,9477,2165),(12,3306,5867,4356,3153,3693,5980,10132,17746,25550,20265,18809,25056,29907,29216,25802,24917,27258,30123,33467,27126,23584,20422,14690,3340),(13,2398,4642,3275,2398,3220,5362,9963,15073,21604,15998,17357,19388,23110,25351,21672,21525,21486,21749,21050,16448,15430,12890,9230,2141),(14,2816,5619,4335,4012,5453,8485,13343,26286,32626,25193,23781,31606,36010,33823,29513,32033,30824,34637,35426,26280,23576,20717,14344,2977),(15,2325,4996,3666,3089,4190,5975,8843,14330,20440,15718,15661,17542,22543,19972,19407,19090,19474,20479,21921,17507,15558,13598,9858,2391),(16,3524,6947,4942,3697,4693,7249,13167,21762,29845,20238,21702,27625,24467,27298,29020,25377,28868,28688,26385,22378,20168,18241,12894,3128),(17,4720,9735,7080,6526,8440,12432,19874,39475,50570,34638,31967,38823,42780,41568,40195,44316,44602,47326,51299,40473,40104,31272,22813,5006),(18,2079,4049,2969,2796,4100,5545,9206,16426,19740,12992,11215,12193,13666,15300,16620,16974,17422,17734,17016,15122,14117,13637,10263,2202),(19,2479,4742,3653,3155,4523,6183,10012,21403,28977,18941,18374,30242,33550,25139,21497,23224,22631,29824,32183,22850,19468,16358,10868,2553),(20,1853,3617,2871,2352,2989,4362,6211,10715,14238,11766,11119,15119,16579,15734,14068,14887,14705,15887,16695,13611,11965,10763,7369,1644),(21,3287,5814,4328,3430,4529,7478,14193,22590,27801,19711,18432,20038,21781,23971,24046,26514,26449,25878,25670,22438,20288,18740,12411,2894),(22,1416,2583,1936,1330,1731,2867,5416,10197,15057,12116,13322,24574,28796,23493,19547,17181,17268,20163,20175,13380,11347,8697,5997,1318),(23,1936,4684,3495,2762,2981,3711,6121,9202,14893,14149,15804,30561,34110,25634,19048,18568,18302,22888,25477,18097,15295,12376,8380,2115),(24,2601,4966,3500,2663,3328,5651,9542,15987,21286,14573,13131,13947,16044,16151,16859,17471,18861,17819,19233,17178,15285,12924,9059,2514);
/*!40000 ALTER TABLE `moving_population` ENABLE KEYS */;
UNLOCK TABLES;

--
-- Table structure for table `night_score`
--

DROP TABLE IF EXISTS `night_score`;
/*!40101 SET @saved_cs_client     = @@character_set_client */;
/*!50503 SET character_set_client = utf8mb4 */;
CREATE TABLE `night_score` (
  `gu_id` int NOT NULL,
  `df_accident` float NOT NULL,
  `df_bicycle` float NOT NULL,
  `df_night_bus` float NOT NULL,
  `df_moving_population` float NOT NULL,
  `df_gu_car` float NOT NULL,
  `total_score` float NOT NULL,
  KEY `gu_id` (`gu_id`),
  CONSTRAINT `night_score_ibfk_1` FOREIGN KEY (`gu_id`) REFERENCES `gu_info` (`gu_id`)
) ENGINE=InnoDB DEFAULT CHARSET=utf8mb4 COLLATE=utf8mb4_0900_ai_ci;
/*!40101 SET character_set_client = @saved_cs_client */;

--
-- Dumping data for table `night_score`
--

LOCK TABLES `night_score` WRITE;
/*!40000 ALTER TABLE `night_score` DISABLE KEYS */;
INSERT INTO `night_score` VALUES (0,10,2.46055,5.12554,10,1.94461,29.531),(1,1.93803,5.31483,8.08117,6.27772,4.92677,26.539),(2,2.1662,5.70835,10,2.39826,8.03761,28.31),(3,3.20563,6.6652,7.7161,6.19701,5.02032,28.804),(4,2.8507,9.05434,7.46493,4.80789,8.53336,32.711),(5,1.50704,10,4.55477,4.31054,7.41346,27.786),(6,2.8,3.77659,7.6168,3.50178,5.19548,22.891),(7,1.86197,1.13328,8.12206,1.87281,4.42662,17.417),(8,3.00282,6.64818,5.1489,6.07022,10,30.87),(9,1,4.69294,7.92492,1.93621,1,16.554),(10,2.54648,6.77365,3.77623,4.41119,7.02518,24.533),(11,2.87606,4.43797,1.64011,3.03841,7.44022,19.433),(12,3.89014,5.28497,3.04775,4.10076,5.95726,22.281),(13,1.53239,3.3181,2.66599,2.94594,7.07768,17.54),(14,4.5493,1,3.1942,4.86867,2.90397,16.516),(15,1.78592,5.0637,2.00134,3.73215,4.73789,17.321),(16,2.14085,5.04772,5.90183,5.1497,7.29936,25.539),(17,5.56338,5.09789,6.35,8.90825,4.68374,30.603),(18,2.06479,6.12909,4.26981,3.06978,5.40936,20.943),(19,4.90423,5.1953,3.63253,3.77529,4.86277,22.37),(20,2.47042,2.60596,1,2.38846,5.98965,14.454),(21,2.36901,3.52492,5.80458,4.43799,7.06843,23.205),(22,2.26761,4.61623,2.64888,1,5.65242,16.185),(23,1.73521,3.39872,1.65838,3.0724,3.98194,13.847),(24,2.59718,5.24051,5.51763,3.24722,6.65501,23.258),(0,10,2.46055,5.12554,10,1.94461,29.531),(1,1.93803,5.31483,8.08117,6.27772,4.92677,26.539),(2,2.1662,5.70835,10,2.39826,8.03761,28.31),(3,3.20563,6.6652,7.7161,6.19701,5.02032,28.804),(4,2.8507,9.05434,7.46493,4.80789,8.53336,32.711),(5,1.50704,10,4.55477,4.31054,7.41346,27.786),(6,2.8,3.77659,7.6168,3.50178,5.19548,22.891),(7,1.86197,1.13328,8.12206,1.87281,4.42662,17.417),(8,3.00282,6.64818,5.1489,6.07022,10,30.87),(9,1,4.69294,7.92492,1.93621,1,16.554),(10,2.54648,6.77365,3.77623,4.41119,7.02518,24.533),(11,2.87606,4.43797,1.64011,3.03841,7.44022,19.433),(12,3.89014,5.28497,3.04775,4.10076,5.95726,22.281),(13,1.53239,3.3181,2.66599,2.94594,7.07768,17.54),(14,4.5493,1,3.1942,4.86867,2.90397,16.516),(15,1.78592,5.0637,2.00134,3.73215,4.73789,17.321),(16,2.14085,5.04772,5.90183,5.1497,7.29936,25.539),(17,5.56338,5.09789,6.35,8.90825,4.68374,30.603),(18,2.06479,6.12909,4.26981,3.06978,5.40936,20.943),(19,4.90423,5.1953,3.63253,3.77529,4.86277,22.37),(20,2.47042,2.60596,1,2.38846,5.98965,14.454),(21,2.36901,3.52492,5.80458,4.43799,7.06843,23.205),(22,2.26761,4.61623,2.64888,1,5.65242,16.185),(23,1.73521,3.39872,1.65838,3.0724,3.98194,13.847),(24,2.59718,5.24051,5.51763,3.24722,6.65501,23.258);
/*!40000 ALTER TABLE `night_score` ENABLE KEYS */;
UNLOCK TABLES;

--
-- Table structure for table `subway_population`
--

DROP TABLE IF EXISTS `subway_population`;
/*!40101 SET @saved_cs_client     = @@character_set_client */;
/*!50503 SET character_set_client = utf8mb4 */;
CREATE TABLE `subway_population` (
  `gu_id` int NOT NULL,
  `user_0` int DEFAULT NULL,
  `user_1` int DEFAULT NULL,
  `user_2` int DEFAULT NULL,
  `user_3` int DEFAULT NULL,
  `user_4` int DEFAULT NULL,
  `user_5` int DEFAULT NULL,
  `user_6` int DEFAULT NULL,
  `user_7` int DEFAULT NULL,
  `user_8` int DEFAULT NULL,
  `user_9` int DEFAULT NULL,
  `user_10` int DEFAULT NULL,
  `user_11` int DEFAULT NULL,
  `user_12` int DEFAULT NULL,
  `user_13` int DEFAULT NULL,
  `user_14` int DEFAULT NULL,
  `user_15` int DEFAULT NULL,
  `user_16` int DEFAULT NULL,
  `user_17` int DEFAULT NULL,
  `user_18` int DEFAULT NULL,
  `user_19` int DEFAULT NULL,
  `user_20` int DEFAULT NULL,
  `user_21` int DEFAULT NULL,
  `user_22` int DEFAULT NULL,
  `user_23` int DEFAULT NULL,
  KEY `gu_id` (`gu_id`),
  CONSTRAINT `subway_population_ibfk_1` FOREIGN KEY (`gu_id`) REFERENCES `gu_info` (`gu_id`)
) ENGINE=InnoDB DEFAULT CHARSET=utf8mb4 COLLATE=utf8mb4_0900_ai_ci;
/*!40101 SET character_set_client = @saved_cs_client */;

--
-- Dumping data for table `subway_population`
--

LOCK TABLES `subway_population` WRITE;
/*!40000 ALTER TABLE `subway_population` DISABLE KEYS */;
INSERT INTO `subway_population` VALUES (0,1375,0,0,0,38,2089,5162,11807,16095,13077,13852,16146,19569,21689,25249,31062,38621,57486,73888,41722,30401,29042,23422,9300),(1,217,0,0,0,12,2450,5059,13089,16233,9581,7293,7036,7408,7175,7209,7862,9009,9866,9204,5148,4299,3694,2756,1198),(2,117,0,0,0,0,1836,3942,9785,11001,7167,5223,4924,5201,5059,4797,4943,5322,5236,4971,3130,2616,1996,1585,795),(3,294,0,0,0,25,3723,7768,20533,24061,13477,10378,10298,10977,10780,10619,11588,13390,16435,17521,8909,7226,6687,5514,2397),(4,708,0,0,0,182,4633,8278,22875,32784,22175,13921,12091,12865,12946,12501,12675,13624,14516,14799,9642,8658,8871,7968,4330),(5,595,0,0,0,19,2788,5222,13210,20774,14053,9816,9204,9635,9942,9820,10698,12488,13906,14070,9057,8012,7846,6900,3674),(6,256,0,0,0,318,4610,6773,17410,19744,12128,8280,7689,8328,8087,7782,8436,9772,12606,15193,7787,5864,5584,4083,1853),(7,59,0,0,0,29,615,1105,2779,2789,1827,1544,1690,2022,2148,2360,2820,3958,8630,11365,4643,2848,2257,1330,557),(8,308,0,0,0,85,3585,8093,20025,20902,12473,9827,9475,10172,9779,9393,9907,10782,10467,9358,5839,5075,4436,3737,1754),(9,76,0,0,0,114,2010,4186,10205,9793,6243,4885,4456,4592,4305,4006,4175,4465,4259,3833,2181,1624,1410,1092,498),(10,72,0,0,0,139,1554,2464,6724,9650,6009,5405,5777,6639,7066,7055,7823,8697,8876,7956,4088,3357,2853,2128,971),(11,365,0,0,0,28,2503,4640,12597,18115,11486,8109,7829,8313,8539,8256,8580,9670,10658,10407,6029,5717,5734,5304,2455),(12,1187,0,0,0,65,3243,5615,14280,19400,12691,10412,11247,12985,13814,14379,16505,19748,25490,30562,18847,16826,18604,16958,8671),(13,284,0,0,0,16,1063,2149,5800,7427,5086,4477,4921,5557,5415,5563,6134,7291,9363,10674,4954,4641,4624,4050,1860),(14,1090,0,0,0,20,1466,3741,9439,14666,13094,12520,15008,16602,18983,21281,24404,28660,38051,44083,25749,22284,21298,16168,6781),(15,501,0,0,0,55,2116,4352,11566,17874,10662,7754,7922,8723,9446,10063,11587,14167,18097,22637,12432,9617,9198,7020,3179),(16,286,0,0,0,66,1997,4582,12132,14399,9097,7011,6886,7199,7332,7124,7389,8625,9282,8313,5001,4225,4231,3419,1825),(17,625,0,0,0,43,3430,8462,22421,29317,19468,14624,14425,15373,15926,17015,19375,22933,27738,30851,17902,17741,17451,12766,4599),(18,116,0,0,0,0,1934,4264,12195,13984,7595,5395,4992,5122,4836,4470,4557,5254,5785,5896,3191,2889,2432,1910,753),(19,524,0,0,0,116,3915,5698,15360,20908,12877,10203,10737,12055,12722,13436,15647,19260,30743,36950,16657,14256,12642,9112,3862),(20,348,0,0,0,20,985,1637,3926,6076,4817,4248,5217,5832,6259,6315,8170,10105,12755,14670,8304,7515,7758,6834,3088),(21,137,0,0,0,16,3104,6629,17272,20735,12015,8405,7787,8198,7608,7112,7459,8272,7797,6715,4173,3329,2929,2251,960),(22,586,0,0,0,68,1536,1888,3763,5445,5925,7473,11048,13528,15704,18908,22434,26147,33443,38391,20316,18588,20082,14669,5889),(23,1200,0,0,0,83,2167,3115,7419,12364,12424,13527,17000,18874,20713,22519,27125,32244,47732,63715,33204,29243,26193,20082,9160),(24,126,0,0,0,32,2361,4361,11453,13591,7886,5231,4757,5004,4700,4351,4487,4978,5130,4867,3156,2295,2010,1519,770);
/*!40000 ALTER TABLE `subway_population` ENABLE KEYS */;
UNLOCK TABLES;
SET @@SESSION.SQL_LOG_BIN = @MYSQLDUMP_TEMP_LOG_BIN;
/*!40103 SET TIME_ZONE=@OLD_TIME_ZONE */;

/*!40101 SET SQL_MODE=@OLD_SQL_MODE */;
/*!40014 SET FOREIGN_KEY_CHECKS=@OLD_FOREIGN_KEY_CHECKS */;
/*!40014 SET UNIQUE_CHECKS=@OLD_UNIQUE_CHECKS */;
/*!40101 SET CHARACTER_SET_CLIENT=@OLD_CHARACTER_SET_CLIENT */;
/*!40101 SET CHARACTER_SET_RESULTS=@OLD_CHARACTER_SET_RESULTS */;
/*!40101 SET COLLATION_CONNECTION=@OLD_COLLATION_CONNECTION */;
/*!40111 SET SQL_NOTES=@OLD_SQL_NOTES */;

-- Dump completed on 2025-03-27 20:01:20
